{
  "t": [
    196,
    192,
    188,
    184,
    180,
    176,
    172,
    168,
    164,
    160,
    156,
    152,
    148,
    144,
    140,
    136,
    132,
    128,
    124,
    120,
    116,
    112,
    108,
    104,
    100,
    96,
    92,
    88,
    84,
    80,
    76,
    72,
    68,
    64,
    60,
    56,
    52,
    48,
    44,
    40,
    36,
    32,
    28,
    24,
    20,
    16,
    12,
    8,
    4,
    0
  ],
  "r_t": [
    -0.2777157425880432,
    -0.23510752618312836,
    -0.25379693508148193,
    -0.2287365049123764,
    -0.24817660450935364,
    -0.27163106203079224,
    -0.22188088297843933,
    -0.19303913414478302,
    -0.19658230245113373,
    -0.17057058215141296,
    -0.1802011877298355,
    -0.18241192400455475,
    -0.15610606968402863,
    -0.15106186270713806,
    -0.14498597383499146,
    -0.13528811931610107,
    -0.13468968868255615,
    -0.12474380433559418,
    -0.11511822789907455,
    -0.12363646179437637,
    -0.11132856458425522,
    -0.1053289845585823,
    -0.10315566509962082,
    -0.07773730903863907,
    -0.06679287552833557,
    -0.0656619742512703,
    -0.052951738238334656,
    -0.04725443199276924,
    -0.0405433289706707,
    -0.029438884928822517,
    -0.024839719757437706,
    -0.021339498460292816,
    -0.015813354402780533,
    -0.011118676513433456,
    -0.007558115758001804,
    -0.004592385608702898,
    -0.002978615229949355,
    -0.002378092845901847,
    -0.0015947376377880573,
    -0.0011837292695418,
    -0.0009001042344607413,
    -0.0007138377986848354,
    -0.0004910515854135156,
    -0.00027592162950895727,
    -0.00022191832249518484,
    -0.00020789005793631077,
    -0.00014206011837814003,
    -0.00014973749057389796,
    -0.00013664676225744188,
    -0.00012672941375058144
  ],
  "e_t_norm": [
    0.13469527661800385,
    0.10488483309745789,
    0.10098424553871155,
    0.09346763789653778,
    0.10232580453157425,
    0.10300054401159286,
    0.10185444355010986,
    0.10516447573900223,
    0.0977601483464241,
    0.10135339200496674,
    0.10052896291017532,
    0.09788110852241516,
    0.09859773516654968,
    0.09652271121740341,
    0.09631754457950592,
    0.0955258384346962,
    0.09756869077682495,
    0.0925384983420372,
    0.08493021130561829,
    0.0856429934501648,
    0.08320628851652145,
    0.08022430539131165,
    0.08049286156892776,
    0.07505108416080475,
    0.07330696284770966,
    0.07387574017047882,
    0.07155599445104599,
    0.0706217959523201,
    0.06821135431528091,
    0.06705279648303986,
    0.06845974177122116,
    0.06917198747396469,
    0.07011282444000244,
    0.07162398099899292,
    0.0717417374253273,
    0.0731387734413147,
    0.07531700283288956,
    0.07651297003030777,
    0.07777711749076843,
    0.08030620217323303,
    0.08116348087787628,
    0.0813930556178093,
    0.0825694352388382,
    0.08148620277643204,
    0.08178398013114929,
    0.08134263753890991,
    0.08051459491252899,
    0.07983595132827759,
    0.08007398992776871,
    0.08000615984201431
  ],
  "u_t_norm": [
    0.0007859467878006399,
    0.0007488541305065155,
    0.0009844859596341848,
    0.0010395022109150887,
    0.0011670429958030581,
    0.0013563516549766064,
    0.0013089181156829,
    0.001264221966266632,
    0.0012256684713065624,
    0.001154606114141643,
    0.0011298294411972165,
    0.0011028812732547522,
    0.0010290824575349689,
    0.000960461504291743,
    0.0008839205256663263,
    0.0008317076717503369,
    0.000788320554420352,
    0.0007278575212694705,
    0.00067499018041417,
    0.0006097644218243659,
    0.0005575126269832253,
    0.0005171672673895955,
    0.00046595779713243246,
    0.0004352215910330415,
    0.0004036359896417707,
    0.00037091420381329954,
    0.00035935593768954277,
    0.0003473928663879633,
    0.0003316051734145731,
    0.00032652553636580706,
    0.0003191947762388736,
    0.00032038395875133574,
    0.0003347281599417329,
    0.0003437409468460828,
    0.0003635970933828503,
    0.0003821716527454555,
    0.00040774644003249705,
    0.0004306044429540634,
    0.00043691249447874725,
    0.00045805316767655313,
    0.0004638036771211773,
    0.0004748155188281089,
    0.0004832223348785192,
    0.00048168638022616506,
    0.0004849608812946826,
    0.0004835163417737931,
    0.0004781039897352457,
    0.0004712479130830616,
    0.0004677493707276881,
    0.0004715139511972666
  ],
  "I_t_norm": [
    0.004065167624503374,
    0.0057504926808178425,
    0.00776760233566165,
    0.008964643813669682,
    0.010185119695961475,
    0.011750642210245132,
    0.012163895182311535,
    0.012091660872101784,
    0.011846148408949375,
    0.011344550177454948,
    0.010997374542057514,
    0.010702707804739475,
    0.010161418467760086,
    0.00954962894320488,
    0.008862665854394436,
    0.00828988291323185,
    0.007813194766640663,
    0.007274813950061798,
    0.006757041905075312,
    0.006174863316118717,
    0.005643595941364765,
    0.005201931111514568,
    0.0047315917909145355,
    0.004370181821286678,
    0.004046021495014429,
    0.003729904303327203,
    0.0035407557152211666,
    0.0033977956045418978,
    0.0032498245127499104,
    0.0031624401453882456,
    0.003084712428972125,
    0.003063344629481435,
    0.003138849511742592,
    0.0032202224247157574,
    0.0033656759187579155,
    0.0035289747174829245,
    0.0037383867893368006,
    0.003950084559619427,
    0.0040708729065954685,
    0.004236922599375248,
    0.004337815102189779,
    0.004438756033778191,
    0.0045257569290697575,
    0.004557360894978046,
    0.004586954601109028,
    0.004595097620040178,
    0.004578177351504564,
    0.004548066761344671,
    0.004528703633695841,
    0.00450202776119113
  ],
  "mse_t": [
    1.6252208948135376,
    1.6252381801605225,
    1.6252381801605225,
    1.6252336502075195,
    1.6252336502075195,
    1.6252262592315674,
    1.6252280473709106,
    1.6252622604370117,
    1.6252601146697998,
    1.625454306602478,
    1.6254554986953735,
    1.6254546642303467,
    1.6255370378494263,
    1.6255370378494263,
    1.625569224357605,
    1.6255762577056885,
    1.6255762577056885,
    1.6258562803268433,
    1.6260126829147339,
    1.6261056661605835,
    1.6262645721435547,
    1.6264578104019165,
    1.6265939474105835,
    1.6266621351242065,
    1.626823902130127,
    1.6269193887710571,
    1.6269440650939941,
    1.6270544528961182,
    1.6270747184753418,
    1.6272233724594116,
    1.6272461414337158,
    1.6273385286331177,
    1.6276452541351318,
    1.6278947591781616,
    1.6281405687332153,
    1.6283390522003174,
    1.6287091970443726,
    1.6288042068481445,
    1.6290522813796997,
    1.6297465562820435,
    1.6301121711730957,
    1.630639910697937,
    1.6326040029525757,
    1.6355419158935547,
    1.638847827911377,
    1.6406337022781372,
    1.6408398151397705,
    1.639438271522522,
    1.6368818283081055,
    1.6368813514709473
  ],