{
  "t": [
    196,
    192,
    188,
    184,
    180,
    176,
    172,
    168,
    164,
    160,
    156,
    152,
    148,
    144,
    140,
    136,
    132,
    128,
    124,
    120,
    116,
    112,
    108,
    104,
    100,
    96,
    92,
    88,
    84,
    80,
    76,
    72,
    68,
    64,
    60,
    56,
    52,
    48,
    44,
    40,
    36,
    32,
    28,
    24,
    20,
    16,
    12,
    8,
    4,
    0
  ],
  "r_t": [
    -0.3197334408760071,
    -0.3170643746852875,
    -0.28126850724220276,
    -0.26592832803726196,
    -0.3190329670906067,
    -0.3094228208065033,
    -0.29355913400650024,
    -0.2636321783065796,
    -0.2681370973587036,
    -0.22709232568740845,
    -0.23895946145057678,
    -0.23389385640621185,
    -0.1833621710538864,
    -0.1845065802335739,
    -0.17083264887332916,
    -0.1559230089187622,
    -0.16052553057670593,
    -0.13713857531547546,
    -0.12037068605422974,
    -0.12410960346460342,
    -0.10134876519441605,
    -0.08875634521245956,
    -0.08955171704292297,
    -0.06303964555263519,
    -0.055106792598962784,
    -0.053129926323890686,
    -0.04067952558398247,
    -0.03870457410812378,
    -0.034151043742895126,
    -0.02563958801329136,
    -0.02405484765768051,
    -0.019702941179275513,
    -0.014219204895198345,
    -0.010894201695919037,
    -0.007316751405596733,
    -0.004266068805009127,
    -0.0030916198156774044,
    -0.003089279169216752,
    -0.0022238725796341896,
    -0.0016541442601010203,
    -0.0012162298662588,
    -0.0007751967059448361,
    -0.0007151274476200342,
    -0.0004733438545372337,
    -0.000377784512238577,
    -0.0002114029339281842,
    -0.00015125860227271914,
    -0.00019704531587194651,
    -0.00012687468552030623,
    -7.077361078700051e-05
  ],
  "e_t_norm": [
    0.5682309865951538,
    0.3306732773780823,
    0.37251588702201843,
    0.3256310224533081,
    0.30565640330314636,
    0.35722196102142334,
    0.2650025188922882,
    0.27755191922187805,
    0.23844294250011444,
    0.26794901490211487,
    0.2695976793766022,
    0.25030019879341125,
    0.2824670374393463,
    0.27595940232276917,
    0.27745741605758667,
    0.28881675004959106,
    0.2964819371700287,
    0.2976131737232208,
    0.2923215627670288,
    0.2892909348011017,
    0.2852129340171814,
    0.27651986479759216,
    0.27900636196136475,
    0.2739734351634979,
    0.27370432019233704,
    0.2767210006713867,
    0.2712160050868988,
    0.27305248379707336,
    0.2637840509414673,
    0.25897684693336487,
    0.26415690779685974,
    0.26383569836616516,
    0.26408708095550537,
    0.2661086916923523,
    0.26809367537498474,
    0.27080249786376953,
    0.2793581783771515,
    0.28217068314552307,
    0.2816256284713745,
    0.2866811156272888,
    0.2873881161212921,
    0.28765758872032166,
    0.2895790636539459,
    0.28397616744041443,
    0.28392475843429565,
    0.28193727135658264,
    0.28067144751548767,
    0.27831411361694336,
    0.2790047526359558,
    0.2787788510322571
  ],
  "u_t_norm": [
    0.003407273441553116,
    0.003390777390450239,
    0.004394371062517166,
    0.004855477251112461,
    0.005154746118932962,
    0.005983664188534021,
    0.00574916135519743,
    0.005372072570025921,
    0.005305550526827574,
    0.004914522171020508,
    0.004784435033798218,
    0.004722159821540117,
    0.004301890730857849,
    0.004017509985715151,
    0.003672770457342267,
    0.003344206837937236,
    0.00308635993860662,
    0.0027324582915753126,
    0.002409726846963167,
    0.0021085338667035103,
    0.0018060406437143683,
    0.0015702100936323404,
    0.0013061949284747243,
    0.0010762095917016268,
    0.0008759841439314187,
    0.0006843852461315691,
    0.0005729012191295624,
    0.00045284494990482926,
    0.00034862806205637753,
    0.00030632561538368464,
    0.0002398251963313669,
    0.0002778808993753046,
    0.0003702152753248811,
    0.0004130156885366887,
    0.0005250960239209235,
    0.0006265409174375236,
    0.0007331252563744783,
    0.0008886795258149505,
    0.00101338024251163,
    0.0011314472649246454,
    0.0011781422654166818,
    0.0012814507354050875,
    0.0013579839142039418,
    0.0014218626311048865,
    0.0015115871792659163,
    0.0015127561055123806,
    0.0015253075398504734,
    0.0015727331629022956,
    0.0016073697479441762,
    0.0015588370151817799
  ],
  "I_t_norm": [
    0.017623506486415863,
    0.02566647157073021,
    0.034670550376176834,
    0.04117680713534355,
    0.04566686227917671,
    0.052153896540403366,
    0.05365527421236038,
    0.05219471827149391,
    0.051216527819633484,
    0.048609595745801926,
    0.046792395412921906,
    0.045704588294029236,
    0.04286511614918709,
    0.04009246453642845,
    0.03699946776032448,
    0.03387385606765747,
    0.03114699013531208,
    0.02801913022994995,
    0.024917809292674065,
    0.021952815353870392,
    0.019034823402762413,
    0.016523681581020355,
    0.014009825885295868,
    0.01168021559715271,
    0.009604374878108501,
    0.0076862964779138565,
    0.006280150730162859,
    0.005037148017436266,
    0.00392764899879694,
    0.0032369664404541254,
    0.0025986263062804937,
    0.0025834653060883284,
    0.0031439922749996185,
    0.003618293209001422,
    0.00444579403847456,
    0.00534571148455143,
    0.00629459647461772,
    0.007553836330771446,
    0.008764834143221378,
    0.009901792742311954,
    0.010632093995809555,
    0.011490200646221638,
    0.012253777123987675,
    0.012914265505969524,
    0.013636981137096882,
    0.013986095786094666,
    0.014204957522451878,
    0.01445965375751257,
    0.014634939841926098,
    0.014782645739614964
  ],
  "mse_t": [
    1.6061747074127197,
    1.6235712766647339,
    1.6262143850326538,
    1.626820683479309,
    1.6268298625946045,
    1.6264029741287231,
    1.6268445253372192,
    1.6272064447402954,
    1.6272659301757812,
    1.6278623342514038,
    1.6278225183486938,
    1.6276007890701294,
    1.6281911134719849,
    1.628190040588379,
    1.6285959482192993,
    1.6291579008102417,
    1.6290032863616943,
    1.629573941230774,
    1.6309442520141602,
    1.6312837600708008,
    1.632175326347351,
    1.6327024698257446,
    1.6328315734863281,
    1.6341357231140137,
    1.6354687213897705,
    1.6364014148712158,
    1.6380547285079956,
    1.6394673585891724,
    1.6412910223007202,
    1.6442487239837646,
    1.6465867757797241,
    1.647674798965454,
    1.6487935781478882,
    1.6500482559204102,
    1.6510357856750488,
    1.652209758758545,
    1.6526199579238892,
    1.6528143882751465,
    1.6535868644714355,
    1.6549720764160156,
    1.6555603742599487,
    1.6556376218795776,
    1.655716896057129,
    1.6563050746917725,
    1.6574265956878662,
    1.6570154428482056,
    1.6558440923690796,
    1.6536394357681274,
    1.651163935661316,
    1.6514853239059448
  ],