{
  "t": [
    196,
    192,
    188,
    184,
    180,
    176,
    172,
    168,
    164,
    160,
    156,
    152,
    148,
    144,
    140,
    136,
    132,
    128,
    124,
    120,
    116,
    112,
    108,
    104,
    100,
    96,
    92,
    88,
    84,
    80,
    76,
    72,
    68,
    64,
    60,
    56,
    52,
    48,
    44,
    40,
    36,
    32,
    28,
    24,
    20,
    16,
    12,
    8,
    4,
    0
  ],
  "r_t": [
    -0.2976909577846527,
    -0.24686318635940552,
    -0.2695358693599701,
    -0.24360477924346924,
    -0.24804441630840302,
    -0.2636851668357849,
    -0.2247081845998764,
    -0.20871835947036743,
    -0.205609530210495,
    -0.17128856480121613,
    -0.18200409412384033,
    -0.18031391501426697,
    -0.15224117040634155,
    -0.15531635284423828,
    -0.14936834573745728,
    -0.13401097059249878,
    -0.13791640102863312,
    -0.11949311941862106,
    -0.11218167841434479,
    -0.12010204046964645,
    -0.11078900098800659,
    -0.10257112979888916,
    -0.0999429002404213,
    -0.07968173921108246,
    -0.06633754074573517,
    -0.06152818724513054,
    -0.05289269983768463,
    -0.0431668758392334,
    -0.03609108179807663,
    -0.027457701042294502,
    -0.021482696756720543,
    -0.017922917380928993,
    -0.01372462883591652,
    -0.010404371656477451,
    -0.006576155312359333,
    -0.003786155954003334,
    -0.0017503140261396766,
    -0.001574064721353352,
    -0.0013532093726098537,
    -0.0013013406423851848,
    -0.0008106718887574971,
    -0.00035493180621415377,
    -0.0006732754409313202,
    -0.0004021937493234873,
    -0.0002193697728216648,
    -0.00016806930943857878,
    -0.00010461409692652524,
    -9.421778668183833e-05,
    -8.412584429606795e-05,
    -7.805167842889205e-05
  ],
  "e_t_norm": [
    0.12886546552181244,
    0.09632202237844467,
    0.10423784703016281,
    0.1015959158539772,
    0.09863942116498947,
    0.10145546495914459,
    0.1008635014295578,
    0.1020447313785553,
    0.0973069816827774,
    0.09555303305387497,
    0.09689579159021378,
    0.10006653517484665,
    0.09874018281698227,
    0.09678903967142105,
    0.09711133688688278,
    0.09433279931545258,
    0.09756282716989517,
    0.09208951145410538,
    0.08417226374149323,
    0.08513214439153671,
    0.08217065781354904,
    0.08195103704929352,
    0.08309785276651382,
    0.07539170235395432,
    0.07308757305145264,
    0.07194504141807556,
    0.06985985487699509,
    0.06864290684461594,
    0.06713560968637466,
    0.0657694861292839,
    0.06744104623794556,
    0.06824193149805069,
    0.06961211562156677,
    0.07181724905967712,
    0.07328833639621735,
    0.07417547702789307,
    0.0750146359205246,
    0.07805448770523071,
    0.07794920355081558,
    0.08019624650478363,
    0.08048499375581741,
    0.07960687577724457,
    0.08210904151201248,
    0.0811600610613823,
    0.08173205703496933,
    0.08120397478342056,
    0.08011768758296967,
    0.07950621843338013,
    0.07969924807548523,
    0.07973246276378632
  ],
  "u_t_norm": [
    0.0007477022591046989,
    0.0007496272446587682,
    0.0010036657331511378,
    0.0011423587566241622,
    0.001245800987817347,
    0.0013912083813920617,
    0.0013666750164702535,
    0.0013379169395193458,
    0.001298745279200375,
    0.0012024391908198595,
    0.001141090877354145,
    0.0011108224280178547,
    0.0010329148499295115,
    0.000946059066336602,
    0.0008852234459482133,
    0.0008090814226306975,
    0.0007529639406129718,
    0.0007034532609395683,
    0.0006400522543117404,
    0.0005708717508241534,
    0.0005198021535761654,
    0.0004698897246271372,
    0.00042223857599310577,
    0.00039713841397315264,
    0.00036943619488738477,
    0.0003421885194256902,
    0.0003361925482749939,
    0.0003232622111681849,
    0.0003108467790298164,
    0.00030300579965114594,
    0.0002925089211203158,
    0.00029495073249563575,
    0.0003105719806626439,
    0.00032177194952964783,
    0.000355369207682088,
    0.000369423272786662,
    0.00038411811692640185,
    0.0004084660322405398,
    0.0004141091776546091,
    0.0004315705446060747,
    0.0004362867621239275,
    0.00043672125320881605,
    0.0004609852039720863,
    0.00046423773164860904,
    0.0004649531911127269,
    0.00046718333032913506,
    0.0004626215959433466,
    0.00045191802200861275,
    0.0004516509943641722,
    0.00045494266669265926
  ],
  "I_t_norm": [
    0.0038673547096550465,
    0.005666462238878012,
    0.007831953465938568,
    0.009545589797198772,
    0.010862214490771294,
    0.012227790430188179,
    0.012682787142693996,
    0.012716728262603283,
    0.012512683868408203,
    0.011886630207300186,
    0.011281684041023254,
    0.010862497612833977,
    0.010247246362268925,
    0.009501196444034576,
    0.008851922117173672,
    0.008154423907399178,
    0.007554516661912203,
    0.007032408844679594,
    0.006459379103034735,
    0.005832611583173275,
    0.0052910191006958485,
    0.004789454396814108,
    0.004316461738198996,
    0.003987581003457308,
    0.0036987215280532837,
    0.003427586518228054,
    0.0032882876694202423,
    0.0031593493185937405,
    0.003037181217223406,
    0.0029437756165862083,
    0.0028452840633690357,
    0.0028224342968314886,
    0.002904256572946906,
    0.0030009278561919928,
    0.0032310050446540117,
    0.003402185859158635,
    0.003553529502823949,
    0.003750302828848362,
    0.0038614431396126747,
    0.0040032705292105675,
    0.004088159650564194,
    0.004127048887312412,
    0.004266916774213314,
    0.004346135072410107,
    0.004386092070490122,
    0.004414775408804417,
    0.004411185625940561,
    0.004375508055090904,
    0.004360149148851633,
    0.004340991843491793
  ],
  "mse_t": [
    1.6249721050262451,
    1.6249889135360718,
    1.6250097751617432,
    1.6250053644180298,
    1.6250067949295044,
    1.6250067949295044,
    1.6250067949295044,
    1.6250406503677368,
    1.6250455379486084,
    1.6250797510147095,
    1.6252422332763672,
    1.6252710819244385,
    1.6252853870391846,
    1.6252976655960083,
    1.625303864479065,
    1.6253951787948608,
    1.6253962516784668,
    1.6253870725631714,
    1.6255866289138794,
    1.625968337059021,
    1.6259725093841553,
    1.6261543035507202,
    1.6263678073883057,
    1.626388669013977,
    1.6264255046844482,
    1.6264798641204834,
    1.6265980005264282,
    1.6267328262329102,
    1.6268264055252075,
    1.6269441843032837,
    1.6269632577896118,
    1.6269937753677368,
    1.627077579498291,
    1.627319574356079,
    1.6274601221084595,
    1.627593755722046,
    1.627701997756958,
    1.6278177499771118,
    1.628309726715088,
    1.6288694143295288,
    1.6299657821655273,
    1.6316066980361938,
    1.6331721544265747,
    1.634305477142334,
    1.6380500793457031,
    1.6398619413375854,
    1.6402318477630615,
    1.6393402814865112,
    1.6358498334884644,
    1.6358500719070435
  ],